cliente_id,nombre,apellido,email,telefono,fecha_registro,ciudad,pais
201,Severino,Palma,s_palma@hotmail.com,+54-999529223,2022-08-29,Buenos Aires,Argentina
202,Vasco,Calleja,v_calleja@gmail.com,+57-998847493,2020-11-20,Medellín,Colombia
203,Cristina,Tovar,c_tovar@gmail.com,+58-904265799,2020-12-17,Barquisimeto,Venezuela
204,Alvaro,Ferrandiz,a_ferrandiz@gmail.com,+57-967827638,2022-02-21,Medellín,Colombia
205,Edgardo,Escriva,e_escriva@yahoo.es,+593-929587039,2023-01-12,Ambato,Ecuador
206,Eduardo,Jaume,e_jaume@yahoo.es,+598-993702683,2023-09-23,Salto,Uruguay
207,Jose Ignacio,Aguilera,j_aguilera@hotmail.com,+51-928898923,2021-01-21,Arequipa,Peru
208,Bernardita,Pelaez,b_pelaez@hotmail.com,+54-912981052,2023-10-08,Mendoza,Argentina
209,Amada,Olmedo,a_olmedo@yahoo.es,+58-905831819,2021-04-24,Valencia,Venezuela
210,Domingo,Gascon,d_gascon@hotmail.com,+595-974093639,2023-12-20,Asuncion,Paraguay
211,Florina,Borrell,f_borrell@gmail.com,+58-994566031,2020-06-04,Maracaibo,Venezuela
212,Salud,Mateu,s_mateu@outlook.com,+57-910709497,2021-01-16,Cali,Colombia
213,Reyna,Boix,r_boix@hotmail.com,+595-960855700,2021-09-26,Ciudad del Este,Paraguay
214,Che,Cal,c_cal@hotmail.com,+52-928119557,2020-09-17,Monterrey,Mexico
215,Hernan,Rueda,h_rueda@outlook.com,+58-971691040,2021-09-29,Maracaibo,Venezuela
216,Priscila,Noguera,p_noguera@outlook.com,+591-936231783,2023-07-20,Sucre,Bolivia
217,Octavia,Castello,o_castello@hotmail.com,+598-904308421,2024-05-30,Salto,Uruguay
218,Adalberto,Barcena,a_barcena@hotmail.com,+51-928317637,2022-04-18,Lima,Peru
219,Bernabe,Peral,b_peral@yahoo.es,+591-986282117,2021-07-07,Sucre,Bolivia
220,Pacifica,Aragones,p_aragones@hotmail.com,+51-933101783,2024-09-18,Arequipa,Peru
221,Roberta,Murcia,r_murcia@outlook.com,+58-948586340,2021-06-18,Barquisimeto,Venezuela
222,Eutimio,Francisco,e_francisco@gmail.com,+593-912201654,2021-02-21,Ambato,Ecuador
223,Carolina,Arrieta,c_arrieta@yahoo.es,+56-991332642,2020-08-16,Valparaíso,Chile
224,Isaias,Neira,i_neira@yahoo.es,+595-979978790,2022-09-24,Luque,Paraguay
225,Arcelia,Camino,a_camino@gmail.com,+593-991306093,2022-11-26,Quito,Ecuador
226,Luisina,Bartolome,l_bartolome@yahoo.es,+52-939392920,2021-09-07,Ciudad de Mexico,Mexico
227,Ramon,Sevilla,r_sevilla@hotmail.com,+591-996917555,2025-07-11,La Paz,Bolivia
228,Cristina,Sanabria,c_sanabria@hotmail.com,+56-914282218,2025-08-09,La Serena,Chile
229,Francisca,Cortes,f_cortes@hotmail.com,+58-920513739,2021-09-21,Maracaibo,Venezuela
230,Amor,Saavedra,a_saavedra@hotmail.com,+593-900076758,2025-05-23,Manta,Ecuador
231,Cesar,Azorin,c_azorin@hotmail.com,+598-948718453,2022-08-06,Montevideo,Uruguay
232,Geraldo,Castello,g_castello@gmail.com,+598-976149359,2020-11-14,Salto,Uruguay
233,Adoracion,Merino,a_merino@outlook.com,+591-971498611,2021-05-08,La Paz,Bolivia
234,Camila,Tellez,c_tellez@hotmail.com,+591-922162965,2024-08-28,Tarija,Bolivia
235,Julia,Tena,j_tena@outlook.com,+57-997969689,2023-05-29,Cartagena,Colombia
236,Pastor,Castell,p_castell@yahoo.es,+595-958800797,2021-04-08,Ciudad del Este,Paraguay
237,Atilio,Davila,a_davila@hotmail.com,+57-908593410,2020-02-24,Medellín,Colombia
238,Rosario,Pavon,r_pavon@outlook.com,+58-930885476,2019-12-29,Merida,Venezuela
239,Cipriano,Canals,c_canals@gmail.com,+54-930728046,2020-04-06,Buenos Aires,Argentina
240,Jose Manuel,Cuevas,j_cuevas@outlook.com,+52-969008866,2023-01-13,Ciudad de Mexico,Mexico
241,Olalla,Armas,o_armas@outlook.com,+591-972374753,2025-03-19,Cochabamba,Bolivia
242,Ruperta,Porcel,r_porcel@outlook.com,+57-954634663,2020-12-20,Barranquilla,Colombia
243,Felix,Botella,f_botella@yahoo.es,+54-947553014,2024-07-09,Mendoza,Argentina
244,Primitiva,Santana,p_santana@gmail.com,+591-990377459,2020-08-04,La Paz,Bolivia
245,Mohamed,Iborra,m_iborra@outlook.com,+595-914665841,2022-01-22,Ciudad del Este,Paraguay
246,Maura,Hoz,m_hoz@outlook.com,+57-960211891,2024-08-23,Cartagena,Colombia
247,Ivan,Nunez,i_nunez@outlook.com,+56-962092888,2020-10-03,Concepción,Chile
248,Luisa,Borrell,l_borrell@gmail.com,+591-913141087,2020-01-29,Tarija,Bolivia
249,Casandra,Viana,c_viana@yahoo.es,+54-922321899,2025-05-11,Córdoba,Argentina
250,Chucho,Manrique,c_manrique@gmail.com,+591-953826716,2021-10-04,Cochabamba,Bolivia
251,Hugo,Jaume,h_jaume@hotmail.com,+595-952401521,2025-01-05,Asuncion,Paraguay
252,Merche,Patino,m_patino@yahoo.es,+51-993494928,2021-08-25,Trujillo,Peru
253,Lucho,Gallart,l_gallart@gmail.com,+57-929219319,2020-08-05,Cali,Colombia
254,Rolando,Canas,r_canas@yahoo.es,+52-906729990,2025-07-20,Ciudad de Mexico,Mexico
255,Cleto,Codina,c_codina@gmail.com,+593-907634247,2021-12-30,Guayaquil,Ecuador
256,Rolando,Estrada,r_estrada@outlook.com,+54-909121552,2024-06-09,La Plata,Argentina
257,Eli,Casado,e_casado@gmail.com,+54-933046464,2020-10-30,La Plata,Argentina
258,Maximiliano,Bru,m_bru@hotmail.com,+595-975863473,2022-11-02,San Lorenzo,Paraguay
259,Dorita,Rios,d_rios@hotmail.com,+57-932035886,2024-05-08,Cali,Colombia
260,Nicolasa,Berenguer,n_berenguer@hotmail.com,+56-961367643,2020-09-22,Concepción,Chile
261,Hector,Batalla,h_batalla@gmail.com,+598-983370583,2020-09-25,Maldonado,Uruguay
262,Pepito,Aragon,p_aragon@hotmail.com,+593-967898694,2021-05-25,Guayaquil,Ecuador
263,Zoraida,Villar,z_villar@hotmail.com,+52-932787299,2023-02-09,Ciudad de Mexico,Mexico
264,Nicolas,Martorell,n_martorell@hotmail.com,+56-972909480,2020-01-01,Antofagasta,Chile
265,Virgilio,Flores,v_flores@gmail.com,+593-989038526,2021-06-02,Cuenca,Ecuador
266,Dani,Vigil,d_vigil@outlook.com,+51-914366125,2022-12-19,Lima,Peru
267,Joan,Mercader,j_mercader@hotmail.com,+51-928270233,2022-03-12,Piura,Peru
268,Santos,Esparza,s_esparza@hotmail.com,+51-965569635,2020-06-25,Piura,Peru
269,Paco,Melendez,p_melendez@gmail.com,+54-937135391,2019-12-14,Mendoza,Argentina
270,America,Millan,a_millan@hotmail.com,+52-985511909,2021-09-21,Guadalajara,Mexico
271,Eusebia,Prats,e_prats@yahoo.es,+591-994713081,2020-01-08,Tarija,Bolivia
272,Nicolasa,Solsona,n_solsona@outlook.com,+54-992747083,2020-04-25,Buenos Aires,Argentina
273,Lilia,Penalver,l_penalver@outlook.com,+52-974158663,2024-09-24,Cancun,Mexico
274,Salvador,Arrieta,s_arrieta@hotmail.com,+56-941373735,2020-05-11,Santiago,Chile
275,Hilario,Borrell,h_borrell@outlook.com,+52-991545441,2021-01-24,Guadalajara,Mexico
276,Soledad,Adadia,s_adadia@outlook.com,+52-954543049,2022-07-26,Cancun,Mexico
277,Sergio,Alegre,s_alegre@gmail.com,+56-955337219,2021-12-03,Valparaíso,Chile
278,Rosendo,Pavon,r_pavon@outlook.com,+52-989913412,2022-11-26,Puebla,Mexico
279,Jorge,Castell,j_castell@gmail.com,+56-951343880,2025-03-10,Santiago,Chile
280,Renata,Acevedo,r_acevedo@hotmail.com,+57-961780854,2023-05-03,Medellín,Colombia
281,Luisa,Carrion,l_carrion@outlook.com,+57-903176186,2024-05-19,Medellín,Colombia
282,Sabina,Cozar,s_cozar@hotmail.com,+52-909317495,2023-11-07,Monterrey,Mexico
283,Saturnina,Solano,s_solano@hotmail.com,+593-991203377,2020-03-22,Ambato,Ecuador
284,Alondra,Marquez,a_marquez@hotmail.com,+54-923966966,2020-05-04,Rosario,Argentina
285,Javiera,Monreal,j_monreal@hotmail.com,+54-958326160,2023-06-06,La Plata,Argentina
286,Pascual,Ortega,p_ortega@gmail.com,+595-968642041,2024-03-25,San Lorenzo,Paraguay
287,Calixto,Verdu,c_verdu@gmail.com,+58-934188276,2024-10-20,Maracaibo,Venezuela
288,Ismael,Osuna,i_osuna@outlook.com,+598-972269803,2023-12-30,Paysandú,Uruguay
289,Albert,Amaya,a_amaya@hotmail.com,+595-989152472,2023-06-07,Asuncion,Paraguay
290,Manuela,Amigo,m_amigo@hotmail.com,+54-968064830,2024-06-28,Rosario,Argentina
291,Isabela,Dieguez,i_dieguez@hotmail.com,+52-993577729,2021-05-04,Puebla,Mexico
292,Sonia,Jimenez,s_jimenez@yahoo.es,+57-989245317,2021-11-11,Barranquilla,Colombia
293,Juan Pablo,Castells,j_castells@yahoo.es,+58-940392808,2019-12-01,Merida,Venezuela
294,Carmela,Gomez,c_gomez@yahoo.es,+51-928210242,2023-07-11,Cusco,Peru
295,Natividad,Garriga,n_garriga@outlook.com,+591-959345683,2025-08-23,Sucre,Bolivia
296,Juanito,Aragon,j_aragon@gmail.com,+591-988429450,2023-02-04,Cochabamba,Bolivia
297,Encarnita,Vives,e_vives@gmail.com,+593-944988206,2022-07-19,Manta,Ecuador
298,Ezequiel,Zorrilla,e_zorrilla@outlook.com,+51-926726767,2020-03-09,Arequipa,Peru
299,Noa,Bernal,n_bernal@gmail.com,+598-963771720,2025-01-07,Salto,Uruguay
300,Olegario,Perea,o_perea@yahoo.es,+595-926096655,2025-06-15,San Lorenzo,Paraguay
301,Zacarias,Caparros,z_caparros@gmail.com,+595-919806690,2021-02-08,Encarnacion,Paraguay
302,Pio,Sanmiguel,p_sanmiguel@yahoo.es,+595-923607110,2020-06-22,Encarnacion,Paraguay
303,Nieves,Huguet,n_huguet@yahoo.es,+593-916288475,2021-05-29,Guayaquil,Ecuador
304,Manuelita,Reyes,m_reyes@hotmail.com,+591-975017682,2024-11-15,Tarija,Bolivia
305,Severino,Vendrell,s_vendrell@yahoo.es,+58-957276174,2021-09-11,Merida,Venezuela
306,Eufemia,Pacheco,e_pacheco@outlook.com,+591-934788100,2023-01-08,Sucre,Bolivia
307,Candela,Castillo,c_castillo@outlook.com,+593-984120751,2022-12-28,Ambato,Ecuador
308,Brigida,Frias,b_frias@hotmail.com,+591-995770370,2022-07-17,La Paz,Bolivia
309,Jafet,Pinto,j_pinto@gmail.com,+51-942910691,2021-06-18,Cusco,Peru
310,Guiomar,Marti,g_marti@outlook.com,+56-951410126,2022-04-24,Valparaíso,Chile
311,Griselda,Ramis,g_ramis@hotmail.com,+54-954707061,2025-02-19,Mendoza,Argentina
312,Salome,Parejo,s_parejo@yahoo.es,+595-927760841,2024-04-12,Asuncion,Paraguay
313,Remigio,Alberola,r_alberola@yahoo.es,+58-977267850,2025-04-05,Caracas,Venezuela
314,Candela,Jerez,c_jerez@yahoo.es,+598-940079111,2024-08-11,Punta del Este,Uruguay
315,Eleuterio,Agusti,e_agusti@outlook.com,+593-980967191,2025-05-21,Manta,Ecuador
316,Bernardo,Arias,b_arias@yahoo.es,+57-958496914,2020-03-27,Cali,Colombia
317,Santos,Coronado,s_coronado@yahoo.es,+595-989774697,2021-10-06,Ciudad del Este,Paraguay
318,Armida,Ibanez,a_ibanez@gmail.com,+591-983517915,2024-04-30,Cochabamba,Bolivia
319,Merche,Plana,m_plana@gmail.com,+58-988986321,2020-11-07,Merida,Venezuela
320,Adelina,Ricart,a_ricart@outlook.com,+595-961968116,2020-06-22,Encarnacion,Paraguay
321,Ascension,Morera,a_morera@outlook.com,+51-943936531,2025-01-04,Trujillo,Peru
322,Irma,Salgado,i_salgado@hotmail.com,+52-950885459,2024-08-21,Monterrey,Mexico
323,Benjamin,Giner,b_giner@gmail.com,+51-963123515,2020-06-30,Lima,Peru
324,Mariano,Pazos,m_pazos@gmail.com,+52-987260863,2020-05-12,Guadalajara,Mexico
325,Martin,Arias,m_arias@gmail.com,+598-926757737,2021-08-15,Salto,Uruguay
326,Hugo,Guardia,h_guardia@gmail.com,+57-963560289,2022-05-10,Medellín,Colombia
327,Buenaventura,Arranz,b_arranz@outlook.com,+591-949512272,2021-03-13,Santa Cruz,Bolivia
328,Trinidad,Folch,t_folch@gmail.com,+56-914508768,2023-05-30,Concepción,Chile
329,Geronimo,Angel,g_angel@outlook.com,+58-953238057,2020-10-06,Barquisimeto,Venezuela
330,Jesus,Vall,j_vall@hotmail.com,+58-913676961,2021-04-08,Maracaibo,Venezuela
331,Jose Manuel,Hierro,j_hierro@yahoo.es,+58-946600900,2024-01-25,Caracas,Venezuela
332,Maria Jesus,Lledo,m_lledo@hotmail.com,+54-986911784,2020-01-20,La Plata,Argentina
333,Estefania,Pujadas,e_pujadas@yahoo.es,+595-914165187,2023-12-22,Luque,Paraguay
334,Ines,Mendoza,i_mendoza@outlook.com,+591-958450095,2022-12-10,Cochabamba,Bolivia
335,Adela,Chaparro,a_chaparro@yahoo.es,+58-964893936,2024-10-18,Merida,Venezuela
336,Dominga,Gascon,d_gascon@outlook.com,+58-943258988,2020-11-18,Valencia,Venezuela
337,Abraham,Castejon,a_castejon@yahoo.es,+51-932730796,2024-02-29,Trujillo,Peru
338,Yago,Marcos,y_marcos@hotmail.com,+52-966344695,2021-12-13,Ciudad de Mexico,Mexico
339,Pastora,Cuellar,p_cuellar@hotmail.com,+591-947623800,2023-09-24,Cochabamba,Bolivia
340,Aaron,Moran,a_moran@hotmail.com,+51-994111289,2020-01-10,Piura,Peru
341,Miguel,Santamaria,m_santamaria@outlook.com,+593-911490777,2024-06-20,Guayaquil,Ecuador
342,Concepcion,Almeida,c_almeida@yahoo.es,+591-932255732,2025-06-01,Tarija,Bolivia
343,Manu,Moreno,m_moreno@hotmail.com,+591-912489409,2022-05-25,La Paz,Bolivia
344,Nydia,Galvez,n_galvez@hotmail.com,+595-941098277,2025-03-21,Encarnacion,Paraguay
345,Fabio,Maestre,f_maestre@yahoo.es,+593-946138336,2023-08-15,Manta,Ecuador
346,Herminio,Ochoa,h_ochoa@hotmail.com,+52-936361787,2022-09-24,Puebla,Mexico
347,Ulises,Galan,u_galan@outlook.com,+57-996809144,2023-06-14,Bogotá,Colombia
348,Jordi,Galindo,j_galindo@outlook.com,+54-992632184,2022-01-22,La Plata,Argentina
349,Baudelio,Leal,b_leal@hotmail.com,+57-937111151,2021-01-14,Barranquilla,Colombia
350,Ainoa,Alegria,a_alegria@hotmail.com,+57-930532273,2021-12-03,Cali,Colombia
351,Gustavo,Aviles,g_aviles@outlook.com,+51-995028632,2022-12-27,Lima,Peru
352,Edgardo,Fonseca,e_fonseca@hotmail.com,+598-974270583,2021-04-30,Montevideo,Uruguay
353,Aitana,Alberto,a_alberto@hotmail.com,+591-901646234,2025-03-05,La Paz,Bolivia
354,Joaquin,Requena,j_requena@outlook.com,+591-945728776,2020-06-27,Sucre,Bolivia
355,Celia,Aznar,c_aznar@gmail.com,+51-915312516,2024-05-28,Trujillo,Peru
356,Toni,Benavides,t_benavides@gmail.com,+591-977446468,2021-08-12,La Paz,Bolivia
357,Glauco,Duenas,g_duenas@gmail.com,+56-940780112,2022-09-11,La Serena,Chile
358,Dora,Cervantes,d_cervantes@outlook.com,+54-955857931,2024-03-06,La Plata,Argentina
359,Ambar,Acuna,a_acuna@yahoo.es,+591-939910061,2023-05-03,Sucre,Bolivia
360,Margarita,Puig,m_puig@gmail.com,+58-908083974,2022-03-30,Merida,Venezuela
361,Carmelo,Cantero,c_cantero@gmail.com,+57-988641164,2021-09-03,Cali,Colombia
362,Jordan,Galvez,j_galvez@gmail.com,+57-974087145,2021-09-01,Medellín,Colombia
363,Ines,Blanes,i_blanes@yahoo.es,+598-960465583,2023-03-06,Maldonado,Uruguay
364,Tiburcio,Sandoval,t_sandoval@hotmail.com,+598-938668783,2025-01-01,Salto,Uruguay
365,Maximino,Pintor,m_pintor@outlook.com,+54-935507920,2024-09-05,Córdoba,Argentina
366,Dora,Asenjo,d_asenjo@outlook.com,+54-930173413,2022-11-22,La Plata,Argentina
367,Visitacion,Gonzalez,v_gonzalez@outlook.com,+56-908004482,2023-05-12,Santiago,Chile
368,Haydee,Miranda,h_miranda@yahoo.es,+58-938736657,2021-04-22,Merida,Venezuela
369,Dolores,Tellez,d_tellez@yahoo.es,+591-993916665,2022-12-19,Santa Cruz,Bolivia
370,Nadia,Mateu,n_mateu@yahoo.es,+593-966276072,2020-10-24,Manta,Ecuador
371,Vicente,Cerezo,v_cerezo@hotmail.com,+58-957985905,2022-09-20,Caracas,Venezuela
372,Lope,Cabello,l_cabello@gmail.com,+598-930725714,2022-12-07,Montevideo,Uruguay
373,Joaquin,Prat,j_prat@yahoo.es,+58-923513701,2025-09-24,Caracas,Venezuela
374,Jennifer,Higueras,j_higueras@yahoo.es,+591-924359060,2025-06-05,Santa Cruz,Bolivia
375,Rebeca,Santamaria,r_santamaria@yahoo.es,+54-946702542,2023-08-26,Mendoza,Argentina
376,Seve,Jerez,s_jerez@hotmail.com,+52-921585546,2024-07-12,Ciudad de Mexico,Mexico
377,Samuel,Palomar,s_palomar@yahoo.es,+591-988930456,2020-04-28,Santa Cruz,Bolivia
378,Estrella,Salas,e_salas@hotmail.com,+591-942213778,2023-07-16,La Paz,Bolivia
379,Olga,Romero,o_romero@gmail.com,+54-969067939,2025-02-03,Mendoza,Argentina
380,Elba,Mendizabal,e_mendizabal@hotmail.com,+595-925176902,2025-07-02,Asuncion,Paraguay
381,Cruz,Barragan,c_barragan@hotmail.com,+591-927321124,2021-05-19,La Paz,Bolivia
382,Miriam,Solera,m_solera@yahoo.es,+51-993717532,2021-04-10,Trujillo,Peru
383,Jose Francisco,Villalonga,j_villalonga@outlook.com,+598-932117961,2023-05-25,Paysandú,Uruguay
384,Soledad,Ribas,s_ribas@yahoo.es,+593-974121929,2020-12-15,Quito,Ecuador
385,Jose,Cabeza,j_cabeza@gmail.com,+57-961934487,2021-08-21,Bogotá,Colombia
386,Alex,Tome,a_tome@hotmail.com,+591-968299645,2024-07-27,Santa Cruz,Bolivia
387,Victor Manuel,Fernandez,v_fernandez@yahoo.es,+591-932713008,2021-07-14,Sucre,Bolivia
388,Teresita,Portero,t_portero@outlook.com,+595-980447099,2020-09-10,Encarnacion,Paraguay
389,Pancho,Clavero,p_clavero@hotmail.com,+51-945617282,2019-12-10,Trujillo,Peru
390,Telmo,Bustamante,t_bustamante@yahoo.es,+51-978777447,2021-07-30,Cusco,Peru
391,Graciana,Benavent,g_benavent@hotmail.com,+591-965007200,2023-08-22,Tarija,Bolivia
392,Gabriela,Zabaleta,g_zabaleta@yahoo.es,+593-950628276,2023-07-10,Manta,Ecuador
393,Eduardo,Angel,e_angel@yahoo.es,+57-976745380,2022-07-13,Medellín,Colombia
394,Erasmo,Conesa,e_conesa@yahoo.es,+595-942704903,2024-03-09,Asuncion,Paraguay
395,Filomena,Morante,f_morante@gmail.com,+595-966481885,2021-04-30,Encarnacion,Paraguay
396,Celestino,Serrano,c_serrano@gmail.com,+593-944559574,2024-11-06,Manta,Ecuador
397,Regulo,Tellez,r_tellez@gmail.com,+54-961327848,2021-07-12,La Plata,Argentina
398,Rosalva,Gisbert,r_gisbert@yahoo.es,+595-910043277,2022-11-19,Encarnacion,Paraguay
399,Marino,Burgos,m_burgos@yahoo.es,+52-992973237,2020-10-23,Cancun,Mexico
400,Narcisa,Galiano,n_galiano@hotmail.com,+52-951003997,2025-05-20,Cancun,Mexico
401,Ricardo,Pino,r_pino@gmail.com,+593-982874006,2022-07-18,Quito,Ecuador
402,Inigo,Solera,i_solera@yahoo.es,+51-912130508,2021-01-06,Arequipa,Peru
403,Martin,Bermejo,m_bermejo@hotmail.com,+54-922329103,2020-03-27,Mendoza,Argentina
404,Maria,Agudo,m_agudo@hotmail.com,+598-907532195,2023-12-07,Punta del Este,Uruguay
405,Eugenio,Ros,e_ros@outlook.com,+52-919538047,2024-07-13,Puebla,Mexico
406,Nicodemo,Duque,n_duque@outlook.com,+58-922814819,2020-10-18,Maracaibo,Venezuela
407,Bartolome,Bermudez,b_bermudez@outlook.com,+58-983176117,2025-06-29,Barquisimeto,Venezuela
408,Pacifica,Ponce,p_ponce@yahoo.es,+58-931163805,2022-10-05,Maracaibo,Venezuela
409,Romulo,Cuadrado,r_cuadrado@gmail.com,+591-989501846,2025-02-16,Santa Cruz,Bolivia
410,Mohamed,Moraleda,m_moraleda@gmail.com,+51-921203129,2024-11-12,Piura,Peru
411,Maria,Vila,m_vila@yahoo.es,+52-940151803,2022-09-19,Cancun,Mexico
412,Herberto,Huguet,h_huguet@yahoo.es,+591-926738452,2025-05-01,Santa Cruz,Bolivia
413,Severino,Cueto,s_cueto@hotmail.com,+54-951185849,2023-03-25,Córdoba,Argentina
414,Jennifer,Donoso,j_donoso@yahoo.es,+51-988346110,2022-12-28,Lima,Peru
415,Albino,Mendoza,a_mendoza@gmail.com,+598-992046449,2025-06-25,Paysandú,Uruguay
416,Artemio,Pizarro,a_pizarro@hotmail.com,+51-981478884,2022-05-15,Arequipa,Peru
417,Silvestre,Torrecilla,s_torrecilla@outlook.com,+57-933638559,2020-12-31,Cartagena,Colombia
418,Felipa,Abad,f_abad@gmail.com,+598-959166287,2024-01-02,Punta del Este,Uruguay
419,Macarena,Cuesta,m_cuesta@hotmail.com,+56-939609054,2024-07-27,Santiago,Chile
420,Sofia,Planas,s_planas@hotmail.com,+56-917738187,2025-07-16,Valparaíso,Chile
421,Bruno,Bustos,b_bustos@yahoo.es,+51-934489940,2023-03-22,Arequipa,Peru
422,Laura,Dalmau,l_dalmau@gmail.com,+52-962858374,2021-06-28,Ciudad de Mexico,Mexico
423,Melisa,Losa,m_losa@hotmail.com,+57-974801233,2020-12-03,Barranquilla,Colombia
424,Rosalina,Samper,r_samper@gmail.com,+595-935495029,2025-01-04,Asuncion,Paraguay
425,Seve,Rueda,s_rueda@yahoo.es,+52-978458327,2024-01-29,Monterrey,Mexico
426,Andres Felipe,Gonzalo,a_gonzalo@gmail.com,+54-963280554,2023-08-04,Córdoba,Argentina
427,Perla,Canizares,p_canizares@gmail.com,+58-986926431,2025-02-12,Maracaibo,Venezuela
428,Nicolasa,Marin,n_marin@outlook.com,+51-915659979,2020-06-02,Trujillo,Peru
429,Montserrat,Albero,m_albero@gmail.com,+598-966118957,2021-01-01,Punta del Este,Uruguay
430,Prudencia,Egea,p_egea@yahoo.es,+57-918208520,2024-12-31,Cartagena,Colombia
431,Isidro,Gomez,i_gomez@outlook.com,+52-956254240,2024-07-25,Cancun,Mexico
432,Mirta,Priego,m_priego@yahoo.es,+54-982631441,2023-01-18,Mendoza,Argentina
433,Albano,Zamora,a_zamora@yahoo.es,+598-929161443,2024-11-24,Punta del Este,Uruguay
434,Juan Bautista,Rovira,j_rovira@hotmail.com,+57-913335151,2023-12-08,Cali,Colombia
435,Ruben,Tapia,r_tapia@outlook.com,+598-937028180,2021-04-13,Maldonado,Uruguay
436,Severo,Tome,s_tome@outlook.com,+591-988955314,2020-02-25,La Paz,Bolivia
437,Macaria,Escolano,m_escolano@outlook.com,+598-932691263,2022-03-19,Punta del Este,Uruguay
438,Evita,Lujan,e_lujan@outlook.com,+54-927804191,2022-07-11,La Plata,Argentina
439,Sancho,Pelaez,s_pelaez@gmail.com,+52-979991301,2023-01-08,Guadalajara,Mexico
440,Cristobal,Ribera,c_ribera@hotmail.com,+56-972506491,2021-11-13,Valparaíso,Chile
441,Ana Sofia,Rey,a_rey@gmail.com,+54-917690330,2023-12-06,Buenos Aires,Argentina
442,Alma,Amor,a_amor@gmail.com,+57-943455870,2021-11-12,Cartagena,Colombia
443,Leoncio,Vidal,l_vidal@yahoo.es,+51-917013243,2021-03-09,Lima,Peru
444,Bienvenida,Vizcaino,b_vizcaino@hotmail.com,+54-960166480,2025-09-01,Mendoza,Argentina
445,Paulino,Reguera,p_reguera@outlook.com,+58-960667140,2020-05-25,Caracas,Venezuela
446,Daniel,Cal,d_cal@gmail.com,+593-961477426,2020-08-05,Cuenca,Ecuador
447,Jose Angel,Pineiro,j_pineiro@gmail.com,+591-957213476,2025-05-30,Sucre,Bolivia
448,Juanita,Tolosa,j_tolosa@hotmail.com,+591-910843514,2021-07-29,La Paz,Bolivia
449,Estefania,Aviles,e_aviles@hotmail.com,+54-936912022,2024-03-08,Córdoba,Argentina
450,Margarita,Cuesta,m_cuesta@yahoo.es,+58-939580505,2025-07-31,Merida,Venezuela
451,Jordi,Pina,j_pina@gmail.com,+58-913311507,2022-04-28,Barquisimeto,Venezuela
452,Lidia,Mosquera,l_mosquera@yahoo.es,+595-930667888,2023-09-18,Luque,Paraguay
453,Eutropio,Fuster,e_fuster@gmail.com,+591-955833185,2023-06-02,Sucre,Bolivia
454,Eligia,Leon,e_leon@hotmail.com,+595-989269266,2024-02-10,Ciudad del Este,Paraguay
455,Xavier,Revilla,x_revilla@gmail.com,+56-909010480,2020-11-13,Antofagasta,Chile
456,Hugo,Romero,h_romero@hotmail.com,+54-912960658,2021-05-15,Mendoza,Argentina
457,Leon,Sarmiento,l_sarmiento@hotmail.com,+593-978714010,2021-04-13,Quito,Ecuador
458,Gema,Naranjo,g_naranjo@yahoo.es,+595-989300492,2020-06-27,Ciudad del Este,Paraguay
459,Marco,Cardenas,m_cardenas@hotmail.com,+51-941936181,2021-01-27,Piura,Peru
460,Kike,Cabrero,k_cabrero@outlook.com,+58-928553319,2025-04-27,Merida,Venezuela
461,Carmen,Casals,c_casals@hotmail.com,+57-946991504,2021-03-14,Bogotá,Colombia
462,Alejo,Pereira,a_pereira@yahoo.es,+51-930354559,2020-03-16,Piura,Peru
463,Mario,Gracia,m_gracia@outlook.com,+58-903886030,2022-12-23,Valencia,Venezuela
464,Macario,Agusti,m_agusti@gmail.com,+51-947113566,2021-12-12,Cusco,Peru
465,Adelina,Andres,a_andres@yahoo.es,+56-988227303,2020-09-10,La Serena,Chile
466,Azucena,Paz,a_paz@outlook.com,+56-912315507,2024-02-17,Santiago,Chile
467,Gregorio,Carvajal,g_carvajal@outlook.com,+595-945754284,2024-01-23,Luque,Paraguay
468,Apolonia,Jaen,a_jaen@gmail.com,+51-976181117,2020-07-02,Cusco,Peru
469,Adora,Boix,a_boix@gmail.com,+56-982924837,2020-10-29,Valparaíso,Chile
470,Gertrudis,Lucas,g_lucas@yahoo.es,+51-988843907,2025-05-11,Trujillo,Peru
471,Olga,Santiago,o_santiago@hotmail.com,+58-955590800,2022-04-30,Barquisimeto,Venezuela
472,Luisina,Cuellar,l_cuellar@yahoo.es,+593-946328316,2021-02-26,Quito,Ecuador
473,Leyre,Baron,l_baron@hotmail.com,+51-965314742,2020-06-03,Piura,Peru
474,Francisco Jose,Casas,f_casas@gmail.com,+57-980440034,2019-12-31,Barranquilla,Colombia
475,Maria Manuela,Planas,m_planas@outlook.com,+57-928351344,2022-10-11,Cali,Colombia
476,Demetrio,Asensio,d_asensio@gmail.com,+51-916104026,2025-06-28,Cusco,Peru
477,Nico,Pedro,n_pedro@yahoo.es,+595-917339011,2022-06-29,Encarnacion,Paraguay
478,Eugenio,Campoy,e_campoy@hotmail.com,+593-989663907,2020-09-20,Manta,Ecuador
479,Primitivo,Grande,p_grande@gmail.com,+595-958548403,2025-01-25,Asuncion,Paraguay
480,Paola,Lluch,p_lluch@yahoo.es,+54-977277086,2024-06-12,Rosario,Argentina
481,Tamara,Camara,t_camara@yahoo.es,+595-915458308,2020-02-23,Ciudad del Este,Paraguay
482,Ricarda,Folch,r_folch@yahoo.es,+52-982963368,2023-12-21,Guadalajara,Mexico
483,Jose Antonio,Echevarria,j_echevarria@outlook.com,+54-914208709,2024-10-18,Mendoza,Argentina
484,Anibal,Mora,a_mora@gmail.com,+58-970325062,2024-05-08,Barquisimeto,Venezuela
485,Jordana,Alberola,j_alberola@hotmail.com,+51-929738898,2021-10-18,Cusco,Peru
486,Jose,Iglesia,j_iglesia@gmail.com,+54-984989976,2025-08-18,La Plata,Argentina
487,Gervasio,Higueras,g_higueras@outlook.com,+57-947123808,2022-07-24,Cali,Colombia
488,Rodolfo,Carrion,r_carrion@outlook.com,+54-934355473,2021-11-09,Córdoba,Argentina
489,Gaston,Suarez,g_suarez@gmail.com,+58-987980930,2021-11-24,Maracaibo,Venezuela
490,Candelaria,Cornejo,c_cornejo@yahoo.es,+591-975663295,2023-07-15,Sucre,Bolivia
491,Nicolasa,Sosa,n_sosa@gmail.com,+52-959023966,2025-03-03,Guadalajara,Mexico
492,Clotilde,Botella,c_botella@gmail.com,+591-936866075,2023-11-10,Santa Cruz,Bolivia
493,Trinidad,Vidal,t_vidal@yahoo.es,+593-941662236,2024-12-24,Quito,Ecuador
494,Maximiano,Luz,m_luz@hotmail.com,+598-949491122,2020-10-09,Montevideo,Uruguay
495,Nydia,Carmona,n_carmona@yahoo.es,+54-979736043,2025-02-06,La Plata,Argentina
496,Florinda,Jorda,f_jorda@gmail.com,+58-999176303,2024-12-15,Merida,Venezuela
497,Albert,Mateo,a_mateo@yahoo.es,+58-943154591,2025-07-14,Maracaibo,Venezuela
498,Maria Jose,Duenas,m_duenas@gmail.com,+56-960468188,2023-10-06,Santiago,Chile
499,Tomas,Serrano,t_serrano@outlook.com,+54-986721710,2020-05-08,La Plata,Argentina
500,Jose,Guzman,j_guzman@outlook.com,+57-958978194,2023-12-29,Barranquilla,Colombia
501,Lola,Colomer,l_colomer@yahoo.es,+52-951998170,2023-09-15,Monterrey,Mexico
502,Luis Miguel,Goicoechea,l_goicoechea@hotmail.com,+58-984676162,2020-08-25,Caracas,Venezuela
503,Andres,Anaya,a_anaya@yahoo.es,+52-974888554,2023-02-05,Ciudad de Mexico,Mexico
504,America,Casal,a_casal@hotmail.com,+51-920182766,2020-10-28,Piura,Peru
505,Milagros,Escudero,m_escudero@hotmail.com,+58-946952151,2024-04-22,Maracaibo,Venezuela
506,Goyo,Cabanas,g_cabanas@gmail.com,+56-995138090,2023-05-21,La Serena,Chile
507,Armando,Campo,a_campo@hotmail.com,+593-986368203,2021-05-06,Ambato,Ecuador
508,Palmira,Ferrandiz,p_ferrandiz@yahoo.es,+593-986707983,2025-08-12,Quito,Ecuador
509,Amando,Iglesias,a_iglesias@hotmail.com,+52-948667035,2021-12-07,Ciudad de Mexico,Mexico
510,Herminia,Carrasco,h_carrasco@outlook.com,+57-965266178,2022-06-14,Cali,Colombia
511,Trinidad,Valenzuela,t_valenzuela@hotmail.com,+56-910356922,2021-01-17,Valparaíso,Chile
512,Rogelio,Garcia,r_garcia@gmail.com,+593-999139119,2023-09-09,Manta,Ecuador
513,Rodolfo,Bartolome,r_bartolome@yahoo.es,+58-980161060,2021-08-22,Maracaibo,Venezuela
514,Adelina,Tudela,a_tudela@outlook.com,+56-992992167,2024-10-26,Valparaíso,Chile
515,Samuel,Rosa,s_rosa@outlook.com,+598-948895439,2024-11-22,Maldonado,Uruguay
516,Patricia,Agullo,p_agullo@outlook.com,+58-960254091,2022-08-05,Valencia,Venezuela
517,Noemi,Pou,n_pou@hotmail.com,+51-926040410,2024-11-07,Trujillo,Peru
518,Florina,Miro,f_miro@yahoo.es,+591-951254050,2021-09-23,Santa Cruz,Bolivia
519,Adolfo,Palmer,a_palmer@hotmail.com,+57-918575536,2020-06-30,Cartagena,Colombia
520,Dan,Comas,d_comas@gmail.com,+591-974429198,2025-09-12,Santa Cruz,Bolivia
521,Julia,Quintero,j_quintero@outlook.com,+54-911257528,2022-12-21,Rosario,Argentina
522,Iban,Canas,i_canas@yahoo.es,+591-919776801,2020-12-09,Tarija,Bolivia
523,Francisco Jose,Marti,f_marti@gmail.com,+57-946920514,2024-07-25,Barranquilla,Colombia
524,Pastora,Taboada,p_taboada@hotmail.com,+598-967378254,2022-07-22,Maldonado,Uruguay
525,Julian,Bejarano,j_bejarano@outlook.com,+595-950319927,2020-03-24,Asuncion,Paraguay
526,Maria Fernanda,Mayoral,m_mayoral@hotmail.com,+52-995925983,2021-07-20,Ciudad de Mexico,Mexico
527,Placido,Teruel,p_teruel@yahoo.es,+56-938504300,2021-06-20,Santiago,Chile
528,Maria Dolores,Anaya,m_anaya@gmail.com,+591-982590645,2020-10-19,Sucre,Bolivia
529,Agustin,Lucena,a_lucena@outlook.com,+598-928944689,2024-08-28,Punta del Este,Uruguay
530,Lucia,Leiva,l_leiva@hotmail.com,+54-931895531,2021-04-12,Rosario,Argentina
531,Valentina,Losa,v_losa@yahoo.es,+598-956348030,2020-08-13,Salto,Uruguay
532,Eligia,Colom,e_colom@gmail.com,+54-980092958,2025-09-09,Mendoza,Argentina
533,Olimpia,Escribano,o_escribano@outlook.com,+58-996441387,2023-03-07,Maracaibo,Venezuela
534,Nazario,Julia,n_julia@hotmail.com,+595-982518345,2022-08-11,Asuncion,Paraguay
535,Eutropio,Mesa,e_mesa@gmail.com,+58-925140847,2023-12-16,Barquisimeto,Venezuela
536,Gema,Sole,g_sole@gmail.com,+54-973025444,2024-04-16,La Plata,Argentina
537,Olegario,Ponce,o_ponce@yahoo.es,+591-985318289,2024-02-06,La Paz,Bolivia
538,Pedro,Galindo,p_galindo@gmail.com,+51-947928328,2023-10-12,Lima,Peru
539,Jacinta,Verdejo,j_verdejo@hotmail.com,+57-978101741,2021-05-29,Bogotá,Colombia
540,Azahar,Alcala,a_alcala@hotmail.com,+598-973284724,2021-11-16,Punta del Este,Uruguay
541,Regina,Cerezo,r_cerezo@outlook.com,+591-984790150,2021-06-04,Sucre,Bolivia
542,Duilio,Herranz,d_herranz@hotmail.com,+54-904963880,2022-03-04,Mendoza,Argentina
543,Nicanor,Lujan,n_lujan@hotmail.com,+598-905624520,2023-05-23,Salto,Uruguay
544,Otilia,Avila,o_avila@yahoo.es,+593-972884346,2022-10-02,Ambato,Ecuador
545,Hernan,Jaume,h_jaume@hotmail.com,+598-938401154,2020-06-12,Salto,Uruguay
546,Angeles,Acevedo,a_acevedo@hotmail.com,+52-916706752,2024-10-23,Monterrey,Mexico
547,Albino,Arnaiz,a_arnaiz@hotmail.com,+595-951894582,2022-01-03,Luque,Paraguay
548,Julio,Pino,j_pino@hotmail.com,+591-949304469,2020-11-02,Sucre,Bolivia
549,Baudelio,Moraleda,b_moraleda@outlook.com,+595-957795113,2023-03-17,Asuncion,Paraguay
550,Fulgencio,Infante,f_infante@hotmail.com,+52-910746667,2023-03-24,Ciudad de Mexico,Mexico
551,Rebeca,Saenz,r_saenz@yahoo.es,+51-980882505,2021-10-12,Trujillo,Peru
552,Maria Luisa,Leal,m_leal@gmail.com,+591-960012727,2023-11-13,Santa Cruz,Bolivia
553,Charo,Linares,c_linares@gmail.com,+58-936850196,2020-10-02,Barquisimeto,Venezuela
554,Cipriano,Pujadas,c_pujadas@outlook.com,+595-968865239,2020-04-05,Ciudad del Este,Paraguay
555,Paca,Rosado,p_rosado@yahoo.es,+56-991011547,2020-04-20,La Serena,Chile
556,Rita,Conesa,r_conesa@hotmail.com,+56-931674763,2023-12-22,Santiago,Chile
557,Calista,Serna,c_serna@outlook.com,+595-904346684,2024-12-15,San Lorenzo,Paraguay
558,Zacarias,Asensio,z_asensio@gmail.com,+52-959584522,2021-06-15,Monterrey,Mexico
559,Aura,Campo,a_campo@hotmail.com,+593-953423225,2023-01-14,Cuenca,Ecuador
560,Eugenio,Rivero,e_rivero@outlook.com,+57-903478029,2025-07-05,Bogotá,Colombia
561,Diego,Rivera,d_rivera@gmail.com,+593-975386435,2022-11-06,Ambato,Ecuador
562,Florentino,Conesa,f_conesa@hotmail.com,+51-928799154,2025-06-02,Trujillo,Peru
563,Eric,Sandoval,e_sandoval@gmail.com,+57-918217159,2024-12-24,Bogotá,Colombia
564,Antonia,Galindo,a_galindo@hotmail.com,+56-911783073,2023-10-23,Antofagasta,Chile
565,Felipa,Quintero,f_quintero@hotmail.com,+54-972769008,2023-04-11,La Plata,Argentina
566,Gertrudis,Tapia,g_tapia@outlook.com,+56-948518659,2021-04-10,Valparaíso,Chile
567,Marcial,Saura,m_saura@yahoo.es,+57-931774192,2020-03-16,Medellín,Colombia
568,Dorita,Morcillo,d_morcillo@hotmail.com,+52-976809773,2025-02-25,Cancun,Mexico
569,Fortunata,Rosado,f_rosado@gmail.com,+593-982134318,2020-08-25,Guayaquil,Ecuador
570,Lino,Guitart,l_guitart@yahoo.es,+51-996225198,2024-07-08,Trujillo,Peru
571,Carmen,Godoy,c_godoy@outlook.com,+595-909898653,2023-06-20,San Lorenzo,Paraguay
572,Clara,Escobar,c_escobar@hotmail.com,+54-962523073,2021-05-08,Mendoza,Argentina
573,Sebastian,Canet,s_canet@outlook.com,+593-924422678,2024-10-06,Manta,Ecuador
574,Rogelio,Ramirez,r_ramirez@outlook.com,+593-916664623,2023-04-28,Quito,Ecuador
575,Catalina,Moll,c_moll@outlook.com,+56-943306792,2023-10-17,Valparaíso,Chile
576,Eligio,Cornejo,e_cornejo@hotmail.com,+593-910584397,2022-02-11,Cuenca,Ecuador
577,Remedios,Noguera,r_noguera@hotmail.com,+593-916800072,2020-12-16,Cuenca,Ecuador
578,Marcial,Sales,m_sales@outlook.com,+593-979431184,2021-10-31,Guayaquil,Ecuador
579,Rogelio,Badia,r_badia@gmail.com,+58-945314533,2020-03-25,Merida,Venezuela
580,Francisco,Yanez,f_yanez@hotmail.com,+54-986094462,2022-04-11,Buenos Aires,Argentina
581,Agustin,Yanez,a_yanez@gmail.com,+58-982961108,2025-06-30,Barquisimeto,Venezuela
582,Porfirio,Boix,p_boix@hotmail.com,+593-986155337,2025-04-30,Cuenca,Ecuador
583,Natividad,Elias,n_elias@yahoo.es,+57-939920898,2020-09-23,Barranquilla,Colombia
584,Pilar,Novoa,p_novoa@yahoo.es,+598-959002851,2025-05-05,Salto,Uruguay
585,Fabiola,Abascal,f_abascal@outlook.com,+591-945659873,2023-06-02,Cochabamba,Bolivia
586,Laura,Manzano,l_manzano@outlook.com,+52-953514837,2024-01-25,Monterrey,Mexico
587,Jordi,Giralt,j_giralt@hotmail.com,+593-914251766,2022-08-16,Manta,Ecuador
588,Armando,Leal,a_leal@yahoo.es,+591-935899440,2022-09-10,La Paz,Bolivia
589,Candela,Borrego,c_borrego@hotmail.com,+56-906792127,2024-03-21,Santiago,Chile
590,Fabio,Sarabia,f_sarabia@outlook.com,+58-933322272,2023-08-02,Barquisimeto,Venezuela
591,Mayte,Esteban,m_esteban@outlook.com,+58-925479101,2025-07-01,Valencia,Venezuela
592,Liliana,Alegre,l_alegre@hotmail.com,+593-966942394,2025-06-28,Ambato,Ecuador
593,Carolina,Bosch,c_bosch@yahoo.es,+598-952780072,2022-08-12,Montevideo,Uruguay
594,Florentino,Navarro,f_navarro@gmail.com,+57-947364777,2020-06-24,Cartagena,Colombia
595,Amparo,Catala,a_catala@yahoo.es,+51-980197611,2023-02-12,Trujillo,Peru
596,Emperatriz,Aller,e_aller@yahoo.es,+593-914428014,2021-05-31,Quito,Ecuador
597,Graciana,Ropero,g_ropero@hotmail.com,+51-954123845,2020-06-02,Cusco,Peru
598,Nando,Gargallo,n_gargallo@outlook.com,+595-976541906,2023-12-23,Asuncion,Paraguay
599,Adelardo,Pacheco,a_pacheco@yahoo.es,+593-909869264,2025-07-26,Cuenca,Ecuador
600,Graciano,Frias,g_frias@gmail.com,+591-937543473,2021-05-10,Tarija,Bolivia
601,Jovita,Castro,j_castro@hotmail.com,+54-950089832,2024-01-05,Mendoza,Argentina
602,Maria Belen,Arnal,m_arnal@yahoo.es,+56-980861208,2025-07-09,Valparaíso,Chile
603,Leonel,Lorenzo,l_lorenzo@outlook.com,+598-905222944,2023-08-25,Montevideo,Uruguay
604,Paloma,Grau,p_grau@outlook.com,+591-961335966,2025-09-10,Tarija,Bolivia
605,Zacarias,Perello,z_perello@hotmail.com,+56-982284610,2021-09-25,Concepción,Chile
606,Salvador,Contreras,s_contreras@hotmail.com,+595-999229764,2023-09-07,San Lorenzo,Paraguay
607,Andres,Pellicer,a_pellicer@yahoo.es,+593-971449442,2023-04-10,Manta,Ecuador
608,Emiliano,Fonseca,e_fonseca@hotmail.com,+591-949440148,2021-02-20,La Paz,Bolivia
609,Lazaro,Mateu,l_mateu@gmail.com,+595-941295819,2025-03-26,San Lorenzo,Paraguay
610,Anastasia,Santana,a_santana@outlook.com,+51-977528776,2020-06-27,Piura,Peru
611,Ezequiel,Exposito,e_exposito@yahoo.es,+58-922885741,2021-07-27,Barquisimeto,Venezuela
612,Armando,Capdevila,a_capdevila@gmail.com,+57-976849080,2022-01-19,Bogotá,Colombia
613,Remigio,Zamora,r_zamora@yahoo.es,+598-942103092,2021-08-11,Maldonado,Uruguay
614,Gerardo,Carbajo,g_carbajo@yahoo.es,+595-955079923,2020-08-11,Encarnacion,Paraguay
615,Esteban,Valles,e_valles@hotmail.com,+56-927828932,2025-04-11,La Serena,Chile
616,Leandro,Hernandez,l_hernandez@outlook.com,+593-942111160,2025-01-24,Ambato,Ecuador
617,Armando,Cardenas,a_cardenas@hotmail.com,+593-973319550,2022-11-16,Cuenca,Ecuador
618,Otilia,Guijarro,o_guijarro@outlook.com,+58-925805259,2023-01-15,Barquisimeto,Venezuela
619,Custodia,Bayo,c_bayo@hotmail.com,+593-930181142,2023-02-25,Cuenca,Ecuador
620,Hermenegildo,Segovia,h_segovia@yahoo.es,+57-942552488,2023-10-28,Barranquilla,Colombia
621,Barbara,Fernandez,b_fernandez@gmail.com,+593-938626436,2024-03-03,Cuenca,Ecuador
622,Herminio,Cozar,h_cozar@hotmail.com,+595-919659692,2020-05-20,Ciudad del Este,Paraguay
623,Vidal,Carpio,v_carpio@yahoo.es,+51-946488123,2022-10-15,Lima,Peru
624,Mario,Bayo,m_bayo@hotmail.com,+591-927121108,2022-12-16,Cochabamba,Bolivia
625,Arsenio,Baquero,a_baquero@outlook.com,+56-982634772,2022-08-19,Santiago,Chile
626,Alejo,Guardia,a_guardia@outlook.com,+598-930289135,2020-07-02,Paysandú,Uruguay
627,Agueda,Santamaria,a_santamaria@yahoo.es,+54-944331259,2021-01-14,Mendoza,Argentina
628,Rufina,Cabezas,r_cabezas@outlook.com,+56-973867070,2024-06-22,Santiago,Chile
629,Leocadio,Solana,l_solana@outlook.com,+591-987313825,2023-02-18,Sucre,Bolivia
630,Miriam,Guardiola,m_guardiola@gmail.com,+52-986690951,2020-11-30,Monterrey,Mexico
631,Ivan,Sandoval,i_sandoval@gmail.com,+58-971826922,2021-11-16,Maracaibo,Venezuela
632,Raquel,Castellanos,r_castellanos@yahoo.es,+595-904877451,2025-06-20,Encarnacion,Paraguay
633,Rafaela,Matas,r_matas@gmail.com,+56-905028625,2023-04-05,Concepción,Chile
634,Roberto,Gallego,r_gallego@hotmail.com,+58-914401654,2023-02-07,Merida,Venezuela
635,Nacho,Criado,n_criado@yahoo.es,+591-970372842,2021-06-01,Tarija,Bolivia
636,Marcial,Castells,m_castells@outlook.com,+593-936619573,2021-03-05,Ambato,Ecuador
637,Simon,Hernandez,s_hernandez@yahoo.es,+52-998129162,2022-10-18,Guadalajara,Mexico
638,Amparo,Beltran,a_beltran@hotmail.com,+56-998867180,2023-03-22,Santiago,Chile
639,Febe,Vera,f_vera@yahoo.es,+58-923554528,2024-09-15,Maracaibo,Venezuela
640,Anastasia,Hidalgo,a_hidalgo@yahoo.es,+593-911641746,2020-12-24,Cuenca,Ecuador
641,Paco,Blanco,p_blanco@hotmail.com,+56-964082804,2022-09-11,Valparaíso,Chile
642,Prudencia,Escamilla,p_escamilla@outlook.com,+598-951482483,2024-12-02,Punta del Este,Uruguay
643,Rita,Moran,r_moran@gmail.com,+51-940526484,2022-11-05,Cusco,Peru
644,Ceferino,Pacheco,c_pacheco@gmail.com,+52-908338186,2025-02-17,Guadalajara,Mexico
645,Adela,Isern,a_isern@hotmail.com,+51-954414096,2021-03-24,Arequipa,Peru
646,Ines,Tenorio,i_tenorio@outlook.com,+51-982493631,2022-05-15,Cusco,Peru
647,Martina,Pedrero,m_pedrero@yahoo.es,+56-920560218,2024-02-07,Antofagasta,Chile
648,Corona,Arce,c_arce@outlook.com,+595-963193474,2022-09-08,San Lorenzo,Paraguay
649,Rosendo,Vergara,r_vergara@yahoo.es,+58-970532309,2023-12-20,Caracas,Venezuela
650,Marisa,Bellido,m_bellido@gmail.com,+54-915060409,2025-07-31,La Plata,Argentina
651,Bernabe,Ortega,b_ortega@outlook.com,+57-972029307,2021-10-03,Cartagena,Colombia
652,Eulalia,Reig,e_reig@gmail.com,+52-959302835,2022-03-20,Cancun,Mexico
653,Rita,Costa,r_costa@yahoo.es,+58-912205980,2020-07-14,Barquisimeto,Venezuela
654,Edelmira,Pomares,e_pomares@yahoo.es,+591-968886959,2025-01-13,Cochabamba,Bolivia
655,Priscila,Escalona,p_escalona@yahoo.es,+58-975000490,2023-05-15,Caracas,Venezuela
656,Roman,Aroca,r_aroca@gmail.com,+598-934152669,2022-05-10,Maldonado,Uruguay
657,Elena,Hoyos,e_hoyos@yahoo.es,+58-906078694,2023-10-11,Caracas,Venezuela
658,Marc,Ponce,m_ponce@gmail.com,+54-908087373,2025-03-16,La Plata,Argentina
659,Ingrid,Gutierrez,i_gutierrez@outlook.com,+598-954877191,2021-06-06,Punta del Este,Uruguay
660,Juanito,Colomer,j_colomer@yahoo.es,+595-951335545,2024-02-23,Ciudad del Este,Paraguay
661,Arsenio,Casado,a_casado@outlook.com,+595-991634516,2023-10-24,Asuncion,Paraguay
662,Leopoldo,Bernad,l_bernad@yahoo.es,+54-972109613,2021-05-04,Córdoba,Argentina
663,Luisina,Gonzalez,l_gonzalez@hotmail.com,+57-903051483,2025-02-07,Bogotá,Colombia
664,Ignacio,Tejedor,i_tejedor@yahoo.es,+593-971394920,2022-06-27,Ambato,Ecuador
665,Cayetano,Castillo,c_castillo@outlook.com,+57-946460773,2023-01-02,Barranquilla,Colombia
666,Alvaro,Borrell,a_borrell@yahoo.es,+57-904324134,2020-02-02,Bogotá,Colombia
667,Adora,Frias,a_frias@gmail.com,+57-909031632,2020-04-15,Medellín,Colombia
668,Lucas,Guillen,l_guillen@gmail.com,+591-990197485,2022-08-28,Tarija,Bolivia
669,Elisa,Morera,e_morera@outlook.com,+598-958916591,2022-05-07,Maldonado,Uruguay
670,Inmaculada,Fernandez,i_fernandez@hotmail.com,+598-967631755,2022-07-16,Salto,Uruguay
671,Fernando,Pont,f_pont@hotmail.com,+58-977507357,2022-07-27,Valencia,Venezuela
672,Constanza,Ferrandiz,c_ferrandiz@outlook.com,+51-988612211,2024-07-19,Arequipa,Peru
673,Fidel,Prada,f_prada@outlook.com,+51-908181595,2024-09-13,Cusco,Peru
674,Jose Manuel,Font,j_font@hotmail.com,+593-906292676,2024-03-09,Ambato,Ecuador
675,Evangelina,Casares,e_casares@yahoo.es,+593-993456932,2024-06-28,Cuenca,Ecuador
676,Ernesto,Flores,e_flores@outlook.com,+56-950527631,2025-03-22,Concepción,Chile
677,Julio,Carballo,j_carballo@outlook.com,+57-940364158,2025-02-07,Medellín,Colombia
678,Amelia,Soto,a_soto@yahoo.es,+598-955388634,2021-06-01,Paysandú,Uruguay
679,Hernando,Esparza,h_esparza@outlook.com,+595-934224936,2023-08-13,Encarnacion,Paraguay
680,Hector,Pizarro,h_pizarro@gmail.com,+54-949805178,2022-01-18,Mendoza,Argentina
681,Beatriz,Cano,b_cano@gmail.com,+598-950622628,2020-09-23,Punta del Este,Uruguay
682,Elvira,Piquer,e_piquer@outlook.com,+57-997214603,2025-04-15,Cartagena,Colombia
683,Luna,Belda,l_belda@gmail.com,+57-940693207,2022-04-15,Cali,Colombia
684,Adan,Arnau,a_arnau@outlook.com,+57-964279671,2022-03-16,Bogotá,Colombia
685,Modesta,Plaza,m_plaza@hotmail.com,+595-974098828,2023-02-01,Encarnacion,Paraguay
686,Elodia,Ordonez,e_ordonez@hotmail.com,+595-971625307,2023-05-16,Luque,Paraguay
687,Natalia,Chaparro,n_chaparro@yahoo.es,+51-968829070,2025-02-19,Cusco,Peru
688,Olegario,Jorda,o_jorda@outlook.com,+54-942980983,2024-01-26,Mendoza,Argentina
689,Heraclio,Amat,h_amat@outlook.com,+52-906135823,2021-07-19,Puebla,Mexico
690,Joaquin,Duenas,j_duenas@yahoo.es,+598-974264220,2023-03-23,Punta del Este,Uruguay
691,Leyre,Baez,l_baez@outlook.com,+56-944273769,2024-03-03,Valparaíso,Chile
692,Amanda,Gomez,a_gomez@hotmail.com,+58-967015110,2022-10-19,Maracaibo,Venezuela
693,Toni,Aragon,t_aragon@outlook.com,+591-961851421,2023-11-11,Sucre,Bolivia
694,Aroa,Rios,a_rios@yahoo.es,+56-996678845,2021-12-22,Valparaíso,Chile
695,Victor Manuel,Santamaria,v_santamaria@gmail.com,+593-970322629,2020-09-29,Quito,Ecuador
696,Ligia,Frutos,l_frutos@outlook.com,+598-955350347,2022-07-04,Montevideo,Uruguay
697,Maristela,Trujillo,m_trujillo@outlook.com,+54-901226946,2025-08-01,Córdoba,Argentina
698,Mar,Barrio,m_barrio@yahoo.es,+591-908113477,2025-05-20,Santa Cruz,Bolivia
699,Jose,Ortiz,j_ortiz@yahoo.es,+598-971432350,2020-01-17,Montevideo,Uruguay
700,Adelardo,Font,a_font@hotmail.com,+598-996931066,2023-02-16,Paysandú,Uruguay
701,Paulino,Abellan,p_abellan@yahoo.es,+598-993665059,2021-12-03,Paysandú,Uruguay
702,Amparo,Parra,a_parra@outlook.com,+54-970381817,2022-08-13,Buenos Aires,Argentina
703,Victoriano,Martinez,v_martinez@hotmail.com,+57-970659726,2023-11-20,Cartagena,Colombia
704,Guillermo,Dalmau,g_dalmau@hotmail.com,+51-910605783,2024-06-19,Trujillo,Peru
705,Jose Miguel,Riera,j_riera@outlook.com,+591-932642810,2023-04-11,Tarija,Bolivia
706,Mauricio,Busquets,m_busquets@yahoo.es,+54-912549425,2024-03-01,Buenos Aires,Argentina
707,Sandra,Arnaiz,s_arnaiz@gmail.com,+595-963888323,2020-01-07,San Lorenzo,Paraguay
708,Anibal,Alberola,a_alberola@yahoo.es,+56-967089857,2023-08-17,Santiago,Chile
709,Ana Sofia,Moreno,a_moreno@gmail.com,+58-970888325,2022-06-28,Caracas,Venezuela
710,Tere,Esteban,t_esteban@hotmail.com,+57-963820568,2020-06-07,Cartagena,Colombia
711,Luciana,Taboada,l_taboada@gmail.com,+54-972884346,2021-12-03,Rosario,Argentina
712,Luciana,Lasa,l_lasa@outlook.com,+52-927804291,2024-05-18,Ciudad de Mexico,Mexico
713,Aitor,Gordillo,a_gordillo@outlook.com,+54-921803703,2024-04-10,Rosario,Argentina
714,Toribio,Alcaraz,t_alcaraz@outlook.com,+593-951518966,2020-10-16,Cuenca,Ecuador
715,Gustavo,Palomino,g_palomino@gmail.com,+593-907207013,2024-10-24,Cuenca,Ecuador
716,Nicanor,Jordan,n_jordan@yahoo.es,+57-945713584,2023-07-28,Bogotá,Colombia
717,Artemio,Barros,a_barros@yahoo.es,+598-960471823,2022-06-21,Punta del Este,Uruguay
718,Zaida,Robles,z_robles@yahoo.es,+52-950388958,2021-12-29,Cancun,Mexico
719,Maria Cristina,Cabo,m_cabo@hotmail.com,+58-911501669,2022-09-04,Barquisimeto,Venezuela
720,Victor,Rojas,v_rojas@outlook.com,+54-935966597,2024-03-04,Buenos Aires,Argentina
721,Crescencia,Rodriguez,c_rodriguez@hotmail.com,+56-942503832,2021-02-08,Antofagasta,Chile
722,Cornelio,Alfaro,c_alfaro@yahoo.es,+54-941374957,2023-12-13,Buenos Aires,Argentina
723,Florentino,Pedrosa,f_pedrosa@gmail.com,+51-917784789,2022-01-05,Lima,Peru
724,Carolina,Rocamora,c_rocamora@yahoo.es,+595-974757265,2021-01-26,Luque,Paraguay
725,Itziar,Figuerola,i_figuerola@gmail.com,+598-947501571,2023-07-20,Montevideo,Uruguay
726,Eva Maria,Feliu,e_feliu@yahoo.es,+595-939171088,2024-04-05,Asuncion,Paraguay
727,Guadalupe,Reina,g_reina@outlook.com,+54-932580349,2024-03-07,La Plata,Argentina
728,Renata,Tudela,r_tudela@hotmail.com,+56-936093692,2022-12-03,Valparaíso,Chile
729,Celestino,Galvan,c_galvan@outlook.com,+591-908491573,2024-10-14,Cochabamba,Bolivia
730,Adalberto,Hoyos,a_hoyos@yahoo.es,+51-940232066,2020-10-10,Trujillo,Peru
731,Edelmira,Bolanos,e_bolanos@yahoo.es,+52-933096758,2022-02-07,Monterrey,Mexico
732,Poncio,Bauza,p_bauza@hotmail.com,+591-918185096,2019-12-27,La Paz,Bolivia
733,Matilde,Garcia,m_garcia@yahoo.es,+595-983240786,2023-08-10,Ciudad del Este,Paraguay
734,Calisto,Puente,c_puente@outlook.com,+591-957796330,2023-04-13,Santa Cruz,Bolivia
735,Rocio,Tena,r_tena@outlook.com,+52-993320552,2025-04-14,Cancun,Mexico
736,Marc,Pastor,m_pastor@hotmail.com,+52-953450811,2023-03-07,Guadalajara,Mexico
737,Horacio,Alba,h_alba@hotmail.com,+591-932537638,2024-02-17,Tarija,Bolivia
738,Benito,Zurita,b_zurita@gmail.com,+51-948991556,2022-02-25,Trujillo,Peru
739,Kike,Canovas,k_canovas@gmail.com,+58-924149421,2025-02-01,Merida,Venezuela
740,Maria Angeles,Cuellar,m_cuellar@gmail.com,+57-939101812,2024-07-01,Barranquilla,Colombia
741,Ana Sofia,Solano,a_solano@hotmail.com,+591-985004924,2022-08-17,Cochabamba,Bolivia
742,Roque,Ferreras,r_ferreras@yahoo.es,+51-995997403,2024-02-21,Arequipa,Peru
743,Edu,Lledo,e_lledo@yahoo.es,+54-980253323,2024-05-28,Mendoza,Argentina
744,Jose Miguel,Torrijos,j_torrijos@yahoo.es,+593-992839592,2020-04-28,Manta,Ecuador
745,Angelina,Nadal,a_nadal@gmail.com,+52-979701163,2021-02-19,Cancun,Mexico
746,Rolando,Guzman,r_guzman@gmail.com,+57-922325574,2024-05-23,Cali,Colombia
747,Ester,Barros,e_barros@gmail.com,+52-914219637,2021-01-06,Puebla,Mexico
748,Paloma,Chico,p_chico@outlook.com,+51-968541804,2024-11-28,Arequipa,Peru
749,Candido,Hoyos,c_hoyos@outlook.com,+52-962151291,2023-10-12,Puebla,Mexico
750,Perlita,Noriega,p_noriega@hotmail.com,+598-914032377,2024-07-29,Maldonado,Uruguay
751,Urbano,Domenech,u_domenech@outlook.com,+54-997999171,2023-10-26,Buenos Aires,Argentina
752,Remedios,Blasco,r_blasco@outlook.com,+51-961113711,2025-04-30,Cusco,Peru
753,Chus,Osuna,c_osuna@yahoo.es,+52-913102741,2024-12-26,Puebla,Mexico
754,Nadia,Yuste,n_yuste@gmail.com,+52-940300763,2021-03-15,Ciudad de Mexico,Mexico
755,Maria Jose,Amor,m_amor@gmail.com,+598-986969050,2021-10-03,Punta del Este,Uruguay
756,Fanny,Manuel,f_manuel@outlook.com,+57-923414716,2023-08-16,Cartagena,Colombia
757,America,Escribano,a_escribano@outlook.com,+593-962015859,2024-06-15,Ambato,Ecuador
758,Herminia,Galvez,h_galvez@yahoo.es,+56-985963619,2024-05-07,Valparaíso,Chile
759,Leandra,Carrasco,l_carrasco@yahoo.es,+598-926484437,2024-09-23,Paysandú,Uruguay
760,Teodosio,Ramirez,t_ramirez@outlook.com,+595-994588013,2022-03-21,Asuncion,Paraguay
761,Estrella,Gomila,e_gomila@gmail.com,+51-977490324,2022-01-03,Lima,Peru
762,Cebrian,Martinez,c_martinez@yahoo.es,+52-926450861,2021-03-10,Monterrey,Mexico
763,Sonia,Valbuena,s_valbuena@hotmail.com,+51-970828710,2024-04-08,Trujillo,Peru
764,Santos,Bosch,s_bosch@gmail.com,+58-978786439,2023-10-25,Barquisimeto,Venezuela
765,Baudelio,Sebastian,b_sebastian@outlook.com,+52-982861016,2023-04-01,Puebla,Mexico
766,Jennifer,Girona,j_girona@outlook.com,+58-911375216,2023-06-04,Merida,Venezuela
767,Azucena,Dieguez,a_dieguez@gmail.com,+54-940987410,2021-12-18,Córdoba,Argentina
768,Angelino,Manzano,a_manzano@yahoo.es,+52-968561753,2024-08-08,Guadalajara,Mexico
769,Florencio,Enriquez,f_enriquez@yahoo.es,+58-977149161,2024-08-27,Maracaibo,Venezuela
770,Almudena,Otero,a_otero@outlook.com,+56-985295586,2021-10-13,Antofagasta,Chile
771,Leticia,Cortes,l_cortes@outlook.com,+591-918830282,2023-06-10,Santa Cruz,Bolivia
772,Perla,Castell,p_castell@hotmail.com,+591-907195581,2020-01-08,Tarija,Bolivia
773,Nuria,Mendez,n_mendez@yahoo.es,+591-926189702,2025-07-31,Cochabamba,Bolivia
774,Loreto,Cuevas,l_cuevas@yahoo.es,+591-991898431,2024-07-28,Sucre,Bolivia
775,Javier,Vara,j_vara@gmail.com,+591-922448383,2020-04-04,Sucre,Bolivia
776,Ale,Alba,a_alba@hotmail.com,+57-904388260,2022-06-07,Cali,Colombia
777,Danilo,Iglesia,d_iglesia@yahoo.es,+593-922576626,2025-06-19,Cuenca,Ecuador
778,Filomena,Aguilo,f_aguilo@gmail.com,+593-915194922,2022-12-01,Manta,Ecuador
779,Teresita,Sainz,t_sainz@gmail.com,+593-972751830,2024-11-10,Cuenca,Ecuador
780,Olga,Molins,o_molins@gmail.com,+593-957063296,2022-09-08,Guayaquil,Ecuador
781,Dorotea,Revilla,d_revilla@hotmail.com,+51-960362053,2023-10-27,Lima,Peru
782,Nazaret,Bertran,n_bertran@outlook.com,+54-915755285,2022-04-07,Mendoza,Argentina
783,Adrian,Quero,a_quero@yahoo.es,+58-995395781,2021-10-09,Valencia,Venezuela
784,Nando,Carro,n_carro@outlook.com,+58-927732020,2020-07-30,Maracaibo,Venezuela
785,Hernando,Mayo,h_mayo@hotmail.com,+58-971441519,2021-10-19,Valencia,Venezuela
786,Gisela,Mur,g_mur@hotmail.com,+52-938833650,2025-09-06,Monterrey,Mexico
787,Ramona,Godoy,r_godoy@gmail.com,+54-955243509,2023-01-08,Córdoba,Argentina
788,Odalys,Barranco,o_barranco@outlook.com,+56-933511112,2023-07-11,Valparaíso,Chile
789,Anastasia,Lamas,a_lamas@outlook.com,+57-965694038,2022-12-04,Barranquilla,Colombia
790,Macaria,Guerra,m_guerra@gmail.com,+595-960665302,2020-12-15,Luque,Paraguay
791,Soledad,Tejero,s_tejero@hotmail.com,+595-937342819,2025-01-04,San Lorenzo,Paraguay
792,Luz,Manuel,l_manuel@gmail.com,+591-978108751,2020-12-15,Santa Cruz,Bolivia
793,Oriana,Cornejo,o_cornejo@yahoo.es,+591-908500100,2022-05-10,Santa Cruz,Bolivia
794,Ascension,Garay,a_garay@hotmail.com,+595-966399516,2023-07-14,Encarnacion,Paraguay
795,Margarita,Pellicer,m_pellicer@outlook.com,+51-973458776,2025-05-09,Cusco,Peru
796,Albano,Trillo,a_trillo@gmail.com,+52-906166355,2025-01-24,Ciudad de Mexico,Mexico
797,Perla,Juarez,p_juarez@yahoo.es,+598-921204188,2025-01-11,Montevideo,Uruguay
798,Primitiva,Heras,p_heras@outlook.com,+598-927154689,2023-04-19,Maldonado,Uruguay
799,Celso,Marquez,c_marquez@hotmail.com,+56-912527880,2022-09-20,Concepción,Chile
800,Victoriano,Pinilla,v_pinilla@outlook.com,+54-989188862,2020-06-29,Rosario,Argentina
